eventID,occurrenceID,basisOfRecord,scientificName,taxonID,nameAccordingTo,scientificNameID
edi.100.1.ev_1,occ.edi.100.1.1,NA,Aphaenogaster fulva,578383,ITIS,NA
edi.100.1.ev_1,occ.edi.100.1.2,NA,Aphaenogaster picea,578440,ITIS,NA
edi.100.1.ev_1,occ.edi.100.1.3,NA,Temnothorax longispinosus,NA,NA,NA
edi.100.1.ev_1,occ.edi.100.1.6,NA,Camponotus pennsylvanicus,154198,ITIS,NA
edi.100.1.ev_1,occ.edi.100.1.7,NA,Lasius americanus,NA,NA,NA
edi.100.1.ev_1,occ.edi.100.1.8,NA,Myrmica punctiventris,580446,ITIS,NA
edi.100.1.ev_2,occ.edi.100.1.26,NA,Aphaenogaster fulva,578383,ITIS,NA
edi.100.1.ev_2,occ.edi.100.1.27,NA,Aphaenogaster picea,578440,ITIS,NA
edi.100.1.ev_2,occ.edi.100.1.28,NA,Camponotus pennsylvanicus,154198,ITIS,NA
edi.100.1.ev_2,occ.edi.100.1.36,NA,Stenemma diecki,582041,ITIS,NA
edi.100.1.ev_3,occ.edi.100.1.45,NA,Aphaenogaster fulva,578383,ITIS,NA
edi.100.1.ev_3,occ.edi.100.1.46,NA,Aphaenogaster picea,578440,ITIS,NA
edi.100.1.ev_3,occ.edi.100.1.48,NA,Camponotus pennsylvanicus,154198,ITIS,NA
edi.100.1.ev_3,occ.edi.100.1.50,NA,Lasius nearcticus,577027,ITIS,NA
edi.100.1.ev_4,occ.edi.100.1.59,NA,Aphaenogaster picea,578440,ITIS,NA
edi.100.1.ev_4,occ.edi.100.1.60,NA,Temnothorax longispinosus,NA,NA,NA
edi.100.1.ev_4,occ.edi.100.1.62,NA,Camponotus pennsylvanicus,154198,ITIS,NA
edi.100.1.ev_4,occ.edi.100.1.66,NA,Lasius americanus,NA,NA,NA
edi.100.1.ev_4,occ.edi.100.1.70,NA,Formica subaenescens,576921,ITIS,NA
edi.100.1.ev_4,occ.edi.100.1.73,NA,Myrmica punctiventris,580446,ITIS,NA
edi.100.1.ev_4,occ.edi.100.1.77,NA,Lasius umbratus,577067,ITIS,NA
edi.100.1.ev_5,occ.edi.100.1.88,NA,Aphaenogaster picea,578440,ITIS,NA
edi.100.1.ev_5,occ.edi.100.1.89,NA,Camponotus novaeboracensis,685607,ITIS,NA
edi.100.1.ev_5,occ.edi.100.1.97,NA,Aphaenogaster fulva,578383,ITIS,NA
edi.100.1.ev_6,occ.edi.100.1.103,NA,Aphaenogaster picea,578440,ITIS,NA
edi.100.1.ev_6,occ.edi.100.1.105,NA,Temnothorax longispinosus,NA,NA,NA
edi.100.1.ev_6,occ.edi.100.1.107,NA,Stenemma impar,582052,ITIS,NA
edi.100.1.ev_7,occ.edi.100.1.111,NA,Aphaenogaster picea,578440,ITIS,NA
edi.100.1.ev_7,occ.edi.100.1.113,NA,Stenemma diecki,582041,ITIS,NA
edi.100.1.ev_8,occ.edi.100.1.115,NA,Aphaenogaster picea,578440,ITIS,NA
edi.100.1.ev_8,occ.edi.100.1.116,NA,Camponotus pennsylvanicus,154198,ITIS,NA
edi.100.1.ev_8,occ.edi.100.1.117,NA,Formica subsericea,576930,ITIS,NA
edi.100.1.ev_8,occ.edi.100.1.120,NA,Formica subaenescens,576921,ITIS,NA
edi.100.1.ev_8,occ.edi.100.1.121,NA,Myrmica punctiventris,580446,ITIS,NA
edi.100.1.ev_8,occ.edi.100.1.124,NA,Formica aserva,576689,ITIS,NA
edi.100.1.ev_8,occ.edi.100.1.127,NA,Lasius americanus,NA,NA,NA
edi.100.1.ev_8,occ.edi.100.1.128,NA,Lasius nearcticus,577027,ITIS,NA
edi.100.1.ev_9,occ.edi.100.1.176,NA,Aphaenogaster fulva,578383,ITIS,NA
edi.100.1.ev_9,occ.edi.100.1.177,NA,Aphaenogaster picea,578440,ITIS,NA
edi.100.1.ev_9,occ.edi.100.1.178,NA,Temnothorax longispinosus,NA,NA,NA
edi.100.1.ev_9,occ.edi.100.1.181,NA,Camponotus pennsylvanicus,154198,ITIS,NA
edi.100.1.ev_9,occ.edi.100.1.182,NA,Lasius americanus,NA,NA,NA
edi.100.1.ev_9,occ.edi.100.1.183,NA,Lasius nearcticus,577027,ITIS,NA
edi.100.1.ev_9,occ.edi.100.1.191,NA,Lasius umbratus,577067,ITIS,NA
edi.100.1.ev_10,occ.edi.100.1.195,NA,Aphaenogaster fulva,578383,ITIS,NA
edi.100.1.ev_10,occ.edi.100.1.196,NA,Aphaenogaster picea,578440,ITIS,NA
edi.100.1.ev_10,occ.edi.100.1.197,NA,Camponotus pennsylvanicus,154198,ITIS,NA
edi.100.1.ev_10,occ.edi.100.1.198,NA,Temnothorax longispinosus,NA,NA,NA
edi.100.1.ev_11,occ.edi.100.1.206,NA,Aphaenogaster picea,578440,ITIS,NA
edi.100.1.ev_11,occ.edi.100.1.208,NA,Lasius nearcticus,577027,ITIS,NA
edi.100.1.ev_11,occ.edi.100.1.209,NA,Stenemma impar,582052,ITIS,NA
edi.100.1.ev_12,occ.edi.100.1.211,NA,Aphaenogaster picea,578440,ITIS,NA
edi.100.1.ev_13,occ.edi.100.1.213,NA,Aphaenogaster picea,578440,ITIS,NA
edi.100.1.ev_13,occ.edi.100.1.215,NA,Camponotus pennsylvanicus,154198,ITIS,NA
edi.100.1.ev_13,occ.edi.100.1.216,NA,Stenemma impar,582052,ITIS,NA
edi.100.1.ev_14,occ.edi.100.1.218,NA,Aphaenogaster fulva,578383,ITIS,NA
edi.100.1.ev_14,occ.edi.100.1.219,NA,Aphaenogaster picea,578440,ITIS,NA
edi.100.1.ev_14,occ.edi.100.1.221,NA,Camponotus pennsylvanicus,154198,ITIS,NA
edi.100.1.ev_14,occ.edi.100.1.222,NA,Lasius nearcticus,577027,ITIS,NA
edi.100.1.ev_15,occ.edi.100.1.235,NA,Aphaenogaster picea,578440,ITIS,NA
edi.100.1.ev_15,occ.edi.100.1.236,NA,Formica subsericea,576930,ITIS,NA
edi.100.1.ev_15,occ.edi.100.1.237,NA,Myrmica punctiventris,580446,ITIS,NA
edi.100.1.ev_15,occ.edi.100.1.239,NA,Camponotus pennsylvanicus,154198,ITIS,NA
edi.100.1.ev_15,occ.edi.100.1.242,NA,Temnothorax longispinosus,NA,NA,NA
edi.100.1.ev_16,occ.edi.100.1.253,NA,Aphaenogaster picea,578440,ITIS,NA
edi.100.1.ev_16,occ.edi.100.1.254,NA,Camponotus pennsylvanicus,154198,ITIS,NA
edi.100.1.ev_16,occ.edi.100.1.255,NA,Formica neogagates,576825,ITIS,NA
edi.100.1.ev_16,occ.edi.100.1.256,NA,Formica subsericea,576930,ITIS,NA
edi.100.1.ev_16,occ.edi.100.1.257,NA,Myrmica punctiventris,580446,ITIS,NA
edi.100.1.ev_16,occ.edi.100.1.259,NA,Camponotus nearcticus,576193,ITIS,NA
edi.100.1.ev_16,occ.edi.100.1.261,NA,Formica aserva,576689,ITIS,NA
edi.100.1.ev_16,occ.edi.100.1.263,NA,Lasius nearcticus,577027,ITIS,NA
edi.100.1.ev_16,occ.edi.100.1.267,NA,Ponera pennsylvanica,583962,ITIS,NA
edi.100.1.ev_17,occ.edi.100.1.279,NA,Stenamma brevicorne,582036,ITIS,NA
edi.100.1.ev_17,occ.edi.100.1.280,NA,Lasius claviger,NA,NA,NA
edi.100.1.ev_18,occ.edi.100.1.281,NA,Aphaenogaster picea,578440,ITIS,NA
edi.100.1.ev_18,occ.edi.100.1.282,NA,Camponotus novaeboracensis,685607,ITIS,NA
edi.100.1.ev_18,occ.edi.100.1.283,NA,Camponotus pennsylvanicus,154198,ITIS,NA
edi.100.1.ev_19,occ.edi.100.1.285,NA,Myrmica punctiventris,580446,ITIS,NA
edi.100.1.ev_19,occ.edi.100.1.286,NA,Stenamma impar,582052,ITIS,NA
edi.100.1.ev_20,occ.edi.100.1.287,NA,Aphaenogaster picea,578440,ITIS,NA
edi.100.1.ev_20,occ.edi.100.1.289,NA,Aphaenogaster fulva,578383,ITIS,NA
edi.100.1.ev_20,occ.edi.100.1.291,NA,Stenamma brevicorne,582036,ITIS,NA
edi.100.1.ev_21,occ.edi.100.1.292,NA,Aphaenogaster picea,578440,ITIS,NA
edi.100.1.ev_22,occ.edi.100.1.293,NA,Camponotus pennsylvanicus,154198,ITIS,NA
edi.100.1.ev_23,occ.edi.100.1.294,NA,Aphaenogaster picea,578440,ITIS,NA
edi.100.1.ev_23,occ.edi.100.1.295,NA,Camponotus novaeboracensis,685607,ITIS,NA
edi.100.1.ev_23,occ.edi.100.1.296,NA,Camponotus pennsylvanicus,154198,ITIS,NA
edi.100.1.ev_23,occ.edi.100.1.297,NA,Temnothorax lognispinosus,NA,NA,NA
edi.100.1.ev_24,occ.edi.100.1.299,NA,Aphaenogaster picea,578440,ITIS,NA
edi.100.1.ev_24,occ.edi.100.1.300,NA,Camponotus pennsylvanicus,154198,ITIS,NA
edi.100.1.ev_25,occ.edi.100.1.301,NA,Aphaenogaster picea,578440,ITIS,NA
edi.100.1.ev_25,occ.edi.100.1.302,NA,Camponotus nearcticus,576193,ITIS,NA
edi.100.1.ev_25,occ.edi.100.1.303,NA,Lasius claviger,NA,NA,NA
edi.100.1.ev_25,occ.edi.100.1.304,NA,Stenamma brevicorne,582036,ITIS,NA
edi.100.1.ev_26,occ.edi.100.1.306,NA,Aphaenogaster picea,578440,ITIS,NA
edi.100.1.ev_26,occ.edi.100.1.307,NA,Camponotus pennsylvanicus,154198,ITIS,NA
edi.100.1.ev_26,occ.edi.100.1.309,NA,Stenamma impar,582052,ITIS,NA
edi.100.1.ev_26,occ.edi.100.1.310,NA,Aphaenogaster fulva,578383,ITIS,NA
edi.100.1.ev_27,occ.edi.100.1.314,NA,Aphaenogaster picea,578440,ITIS,NA
edi.100.1.ev_27,occ.edi.100.1.315,NA,Camponotus pennsylvanicus,154198,ITIS,NA
edi.100.1.ev_28,occ.edi.100.1.316,NA,Aphaenogaster picea,578440,ITIS,NA
edi.100.1.ev_28,occ.edi.100.1.317,NA,Camponotus pennsylvanicus,154198,ITIS,NA
edi.100.1.ev_28,occ.edi.100.1.318,NA,Aphaenogaster fulva,578383,ITIS,NA
edi.100.1.ev_29,occ.edi.100.1.320,NA,Aphaenogaster picea,578440,ITIS,NA
edi.100.1.ev_29,occ.edi.100.1.321,NA,Camponotus pennsylvanicus,154198,ITIS,NA
edi.100.1.ev_29,occ.edi.100.1.322,NA,Lasius umbratus,577067,ITIS,NA
edi.100.1.ev_29,occ.edi.100.1.324,NA,Lasius americanus,NA,NA,NA
edi.100.1.ev_30,occ.edi.100.1.326,NA,Aphaenogaster picea,578440,ITIS,NA
edi.100.1.ev_30,occ.edi.100.1.327,NA,Camponotus pennsylvanicus,154198,ITIS,NA
edi.100.1.ev_30,occ.edi.100.1.328,NA,Myrmica punctiventris,580446,ITIS,NA
edi.100.1.ev_30,occ.edi.100.1.329,NA,Formica neogagates,576825,ITIS,NA
edi.100.1.ev_30,occ.edi.100.1.331,NA,Ponera pennsylvanica,583962,ITIS,NA
edi.100.1.ev_31,occ.edi.100.1.332,NA,Aphaenogaster picea,578440,ITIS,NA
edi.100.1.ev_31,occ.edi.100.1.333,NA,Camponotus pennsylvanicus,154198,ITIS,NA
edi.100.1.ev_32,occ.edi.100.1.337,NA,Aphaenogaster picea,578440,ITIS,NA
edi.100.1.ev_32,occ.edi.100.1.338,NA,Camponotus pennsylvanicus,154198,ITIS,NA
edi.100.1.ev_32,occ.edi.100.1.339,NA,Formica neogagates,576825,ITIS,NA
edi.100.1.ev_32,occ.edi.100.1.340,NA,Formica subaenescens,576921,ITIS,NA
edi.100.1.ev_32,occ.edi.100.1.341,NA,Formica subsericea,576930,ITIS,NA
edi.100.1.ev_32,occ.edi.100.1.342,NA,Stenamma impar,582052,ITIS,NA
edi.100.1.ev_32,occ.edi.100.1.343,NA,Lasius americanus,NA,NA,NA
edi.100.1.ev_33,occ.edi.100.1.352,NA,Aphaenogaster picea,578440,ITIS,NA
edi.100.1.ev_33,occ.edi.100.1.353,NA,Camponotus pennsylvanicus,154198,ITIS,NA
edi.100.1.ev_34,occ.edi.100.1.356,NA,Aphaenogaster picea,578440,ITIS,NA
edi.100.1.ev_34,occ.edi.100.1.357,NA,Camponotus pennsylvanicus,154198,ITIS,NA
edi.100.1.ev_35,occ.edi.100.1.361,NA,Aphaenogaster picea,578440,ITIS,NA
edi.100.1.ev_35,occ.edi.100.1.362,NA,Camponotus pennsylvanicus,154198,ITIS,NA
edi.100.1.ev_36,occ.edi.100.1.364,NA,Camponotus pennsylvanicus,154198,ITIS,NA
edi.100.1.ev_36,occ.edi.100.1.365,NA,Myrmica punctiventris,580446,ITIS,NA
edi.100.1.ev_36,occ.edi.100.1.366,NA,Aphaenogaster picea,578440,ITIS,NA
edi.100.1.ev_37,occ.edi.100.1.367,NA,Aphaenogaster picea,578440,ITIS,NA
edi.100.1.ev_37,occ.edi.100.1.368,NA,Camponotus novaeboracensis,685607,ITIS,NA
edi.100.1.ev_37,occ.edi.100.1.369,NA,Camponotus pennsylvanicus,154198,ITIS,NA
edi.100.1.ev_37,occ.edi.100.1.370,NA,Formica aserva,576689,ITIS,NA
edi.100.1.ev_37,occ.edi.100.1.371,NA,Formica subaenescens,576921,ITIS,NA
edi.100.1.ev_37,occ.edi.100.1.372,NA,Myrmica punctiventris,580446,ITIS,NA
edi.100.1.ev_37,occ.edi.100.1.373,NA,Temnothorax lognispinosus,NA,NA,NA
edi.100.1.ev_37,occ.edi.100.1.376,NA,Ponera pennsylvanica,583962,ITIS,NA
edi.100.1.ev_38,occ.edi.100.1.377,NA,Aphaenogaster picea,578440,ITIS,NA
edi.100.1.ev_38,occ.edi.100.1.378,NA,Camponotus pennsylvanicus,154198,ITIS,NA
edi.100.1.ev_38,occ.edi.100.1.379,NA,Myrmica punctiventris,580446,ITIS,NA
edi.100.1.ev_38,occ.edi.100.1.381,NA,Lasius umbratus,577067,ITIS,NA
edi.100.1.ev_39,occ.edi.100.1.386,NA,Aphaenogaster picea,578440,ITIS,NA
edi.100.1.ev_39,occ.edi.100.1.387,NA,Camponotus pennsylvanicus,154198,ITIS,NA
edi.100.1.ev_39,occ.edi.100.1.388,NA,Formica subsericea,576930,ITIS,NA
edi.100.1.ev_39,occ.edi.100.1.389,NA,Myrmica punctiventris,580446,ITIS,NA
edi.100.1.ev_39,occ.edi.100.1.390,NA,Formica aserva,576689,ITIS,NA
edi.100.1.ev_39,occ.edi.100.1.397,NA,Formica subaenescens,576921,ITIS,NA
edi.100.1.ev_40,occ.edi.100.1.400,NA,Aphaenogaster picea,578440,ITIS,NA
edi.100.1.ev_40,occ.edi.100.1.401,NA,Camponotus novaeboracensis,685607,ITIS,NA
edi.100.1.ev_40,occ.edi.100.1.402,NA,Camponotus pennsylvanicus,154198,ITIS,NA
edi.100.1.ev_40,occ.edi.100.1.403,NA,Lasius americanus,NA,NA,NA
edi.100.1.ev_41,occ.edi.100.1.405,NA,Aphaenogaster picea,578440,ITIS,NA
edi.100.1.ev_41,occ.edi.100.1.406,NA,Stenamma diecki,582041,ITIS,NA
edi.100.1.ev_42,occ.edi.100.1.407,NA,Aphaenogaster picea,578440,ITIS,NA
edi.100.1.ev_42,occ.edi.100.1.408,NA,Camponotus pennsylvanicus,154198,ITIS,NA
edi.100.1.ev_43,occ.edi.100.1.409,NA,Aphaenogaster picea,578440,ITIS,NA
edi.100.1.ev_44,occ.edi.100.1.410,NA,Aphaenogaster picea,578440,ITIS,NA
edi.100.1.ev_44,occ.edi.100.1.411,NA,Camponotus pennsylvanicus,154198,ITIS,NA
edi.100.1.ev_45,occ.edi.100.1.412,NA,Camponotus nearcticus,576193,ITIS,NA
edi.100.1.ev_45,occ.edi.100.1.413,NA,Camponotus pennsylvanicus,154198,ITIS,NA
edi.100.1.ev_46,occ.edi.100.1.414,NA,Aphaenogaster picea,578440,ITIS,NA
edi.100.1.ev_47,occ.edi.100.1.416,NA,Aphaenogaster picea,578440,ITIS,NA
edi.100.1.ev_47,occ.edi.100.1.417,NA,Camponotus pennsylvanicus,154198,ITIS,NA
edi.100.1.ev_47,occ.edi.100.1.418,NA,Temnothorax longispinosus,NA,NA,NA
edi.100.1.ev_47,occ.edi.100.1.420,NA,Camponotus herculeanus,575995,ITIS,NA
edi.100.1.ev_48,occ.edi.100.1.435,NA,Aphaenogaster fulva,578383,ITIS,NA
edi.100.1.ev_48,occ.edi.100.1.436,NA,Aphaenogaster picea,578440,ITIS,NA
edi.100.1.ev_48,occ.edi.100.1.437,NA,Camponotus pennsylvanicus,154198,ITIS,NA
edi.100.1.ev_48,occ.edi.100.1.438,NA,Temnothorax longispinosus,NA,NA,NA
edi.100.1.ev_49,occ.edi.100.1.473,NA,Aphaenogaster picea,578440,ITIS,NA
edi.100.1.ev_49,occ.edi.100.1.475,NA,Lasius nearcticus,577027,ITIS,NA
edi.100.1.ev_49,occ.edi.100.1.476,NA,Lasius speculiventris,577059,ITIS,NA
edi.100.1.ev_49,occ.edi.100.1.486,NA,Aphaenogaster fulva,578383,ITIS,NA
edi.100.1.ev_50,occ.edi.100.1.491,NA,Aphaenogaster picea,578440,ITIS,NA
edi.100.1.ev_50,occ.edi.100.1.492,NA,Camponotus pennsylvanicus,154198,ITIS,NA
edi.100.1.ev_50,occ.edi.100.1.493,NA,Lasius americanus,NA,NA,NA
edi.100.1.ev_50,occ.edi.100.1.494,NA,Myrmica punctiventris,580446,ITIS,NA
edi.100.1.ev_50,occ.edi.100.1.506,NA,Stenamma schmitti,582067,ITIS,NA
edi.100.1.ev_51,occ.edi.100.1.512,NA,Camponotus pennsylvanicus,154198,ITIS,NA
edi.100.1.ev_51,occ.edi.100.1.513,NA,Aphaenogaster picea,578440,ITIS,NA
edi.100.1.ev_51,occ.edi.100.1.514,NA,Aphaenogaster fulva,578383,ITIS,NA
edi.100.1.ev_51,occ.edi.100.1.519,NA,Stenamma impar,582052,ITIS,NA
edi.100.1.ev_52,occ.edi.100.1.521,NA,Camponotus pennsylvanicus,154198,ITIS,NA
edi.100.1.ev_53,occ.edi.100.1.523,NA,Aphaenogaster picea,578440,ITIS,NA
edi.100.1.ev_54,occ.edi.100.1.531,NA,Aphaenogaster fulva,578383,ITIS,NA
edi.100.1.ev_54,occ.edi.100.1.532,NA,Aphaenogaster picea,578440,ITIS,NA
edi.100.1.ev_54,occ.edi.100.1.533,NA,Camponotus pennsylvanicus,154198,ITIS,NA
edi.100.1.ev_54,occ.edi.100.1.536,NA,Lasius nearcticus,577027,ITIS,NA
edi.100.1.ev_55,occ.edi.100.1.537,NA,Aphaenogaster fulva,578383,ITIS,NA
edi.100.1.ev_55,occ.edi.100.1.538,NA,Aphaenogaster picea,578440,ITIS,NA
edi.100.1.ev_55,occ.edi.100.1.539,NA,Myrmica punctiventris,580446,ITIS,NA
edi.100.1.ev_55,occ.edi.100.1.541,NA,Camponotus herculeanus,575995,ITIS,NA
edi.100.1.ev_55,occ.edi.100.1.542,NA,Camponotus pennsylvanicus,154198,ITIS,NA
edi.100.1.ev_55,occ.edi.100.1.543,NA,Lasius americanus,NA,NA,NA
edi.100.1.ev_55,occ.edi.100.1.547,NA,Formica neogagates,576825,ITIS,NA
edi.100.1.ev_56,occ.edi.100.1.549,NA,Aphaenogaster fulva,578383,ITIS,NA
edi.100.1.ev_56,occ.edi.100.1.550,NA,Camponotus pennsylvanicus,154198,ITIS,NA
edi.100.1.ev_56,occ.edi.100.1.551,NA,Lasius nearcticus,577027,ITIS,NA
edi.100.1.ev_57,occ.edi.100.1.552,NA,Aphaenogaster fulva,578383,ITIS,NA
edi.100.1.ev_57,occ.edi.100.1.553,NA,Aphaenogaster picea,578440,ITIS,NA
edi.100.1.ev_57,occ.edi.100.1.554,NA,Formica subaenescens,576921,ITIS,NA
edi.100.1.ev_57,occ.edi.100.1.555,NA,Lasius americanus,NA,NA,NA
edi.100.1.ev_57,occ.edi.100.1.556,NA,Lasius nearcticus,577027,ITIS,NA
edi.100.1.ev_57,occ.edi.100.1.557,NA,Myrmica punctiventris,580446,ITIS,NA
edi.100.1.ev_58,occ.edi.100.1.577,NA,Aphaenogaster picea,578440,ITIS,NA
edi.100.1.ev_58,occ.edi.100.1.578,NA,Camponotus pennsylvanicus,154198,ITIS,NA
edi.100.1.ev_58,occ.edi.100.1.579,NA,Lasius neoniger,577029,ITIS,NA
edi.100.1.ev_58,occ.edi.100.1.581,NA,Camponotus herculeanus,575995,ITIS,NA
edi.100.1.ev_59,occ.edi.100.1.584,NA,Aphaenogaster fulva,578383,ITIS,NA
edi.100.1.ev_59,occ.edi.100.1.585,NA,Aphaenogaster picea,578440,ITIS,NA
edi.100.1.ev_59,occ.edi.100.1.586,NA,Camponotus pennsylvanicus,154198,ITIS,NA
edi.100.1.ev_59,occ.edi.100.1.589,NA,Temnothorax longispinosus,NA,NA,NA
edi.100.1.ev_60,occ.edi.100.1.591,NA,Aphaenogaster picea,578440,ITIS,NA
edi.100.1.ev_61,occ.edi.100.1.595,NA,Aphaenogaster picea,578440,ITIS,NA
edi.100.1.ev_61,occ.edi.100.1.596,NA,Camponotus pennsylvanicus,154198,ITIS,NA
edi.100.1.ev_61,occ.edi.100.1.597,NA,Myrmica punctiventris,580446,ITIS,NA
edi.100.1.ev_61,occ.edi.100.1.600,NA,Formica subaenescens,576921,ITIS,NA
edi.100.1.ev_61,occ.edi.100.1.601,NA,Lasius americanus,NA,NA,NA
edi.100.1.ev_61,occ.edi.100.1.605,NA,Stenamma impar,582052,ITIS,NA
edi.100.1.ev_62,occ.edi.100.1.616,NA,Stenamma impar,582052,ITIS,NA
edi.100.1.ev_62,occ.edi.100.1.617,NA,Aphaenogaster picea,578440,ITIS,NA
edi.100.1.ev_63,occ.edi.100.1.622,NA,Aphaenogaster picea,578440,ITIS,NA
edi.100.1.ev_64,occ.edi.100.1.632,NA,Aphaenogaster picea,578440,ITIS,NA
edi.100.1.ev_65,occ.edi.100.1.634,NA,Formica subaenescens,576921,ITIS,NA
edi.100.1.ev_65,occ.edi.100.1.635,NA,Aphaenogaster picea,578440,ITIS,NA
edi.100.1.ev_65,occ.edi.100.1.638,NA,Formica aserva,576689,ITIS,NA
edi.100.1.ev_65,occ.edi.100.1.641,NA,Myrmica punctiventris,580446,ITIS,NA
edi.100.1.ev_65,occ.edi.100.1.645,NA,Camponotus pennsylvanicus,154198,ITIS,NA
edi.100.1.ev_66,occ.edi.100.1.654,NA,Aphaenogaster picea,578440,ITIS,NA
edi.100.1.ev_66,occ.edi.100.1.657,NA,Myrmica punctiventris,580446,ITIS,NA
edi.100.1.ev_67,occ.edi.100.1.658,NA,Aphaenogaster picea,578440,ITIS,NA
edi.100.1.ev_67,occ.edi.100.1.659,NA,Camponotus pennsylvanicus,154198,ITIS,NA
edi.100.1.ev_67,occ.edi.100.1.660,NA,Formica subaenescens,576921,ITIS,NA
edi.100.1.ev_67,occ.edi.100.1.661,NA,Camponotus herculeanus,575995,ITIS,NA
edi.100.1.ev_68,occ.edi.100.1.663,NA,Aphaenogaster picea,578440,ITIS,NA
edi.100.1.ev_69,occ.edi.100.1.664,NA,Aphaenogaster picea,578440,ITIS,NA
edi.100.1.ev_69,occ.edi.100.1.665,NA,Camponotus pennsylvanicus,154198,ITIS,NA
edi.100.1.ev_69,occ.edi.100.1.666,NA,Formica subaenescens,576921,ITIS,NA
edi.100.1.ev_69,occ.edi.100.1.667,NA,Myrmica punctiventris,580446,ITIS,NA
edi.100.1.ev_69,occ.edi.100.1.668,NA,Temnothorax longispinosus,NA,NA,NA
edi.100.1.ev_70,occ.edi.100.1.672,NA,Aphaenogaster fulva,578383,ITIS,NA
edi.100.1.ev_70,occ.edi.100.1.673,NA,Aphaenogaster picea,578440,ITIS,NA
edi.100.1.ev_70,occ.edi.100.1.674,NA,Camponotus novaeboracensis,685607,ITIS,NA
edi.100.1.ev_70,occ.edi.100.1.675,NA,Camponotus pennsylvanicus,154198,ITIS,NA
edi.100.1.ev_71,occ.edi.100.1.676,NA,Aphaenogaster picea,578440,ITIS,NA
edi.100.1.ev_71,occ.edi.100.1.677,NA,Camponotus pennsylvanicus,154198,ITIS,NA
edi.100.1.ev_71,occ.edi.100.1.678,NA,Lasius americanus,NA,NA,NA
edi.100.1.ev_71,occ.edi.100.1.679,NA,Lasius nearcticus,577027,ITIS,NA
edi.100.1.ev_72,occ.edi.100.1.681,NA,Aphaenogaster fulva,578383,ITIS,NA
edi.100.1.ev_72,occ.edi.100.1.682,NA,Aphaenogaster picea,578440,ITIS,NA
edi.100.1.ev_72,occ.edi.100.1.683,NA,Camponotus pennsylvanicus,154198,ITIS,NA
edi.100.1.ev_72,occ.edi.100.1.684,NA,Lasius americanus,NA,NA,NA
edi.100.1.ev_72,occ.edi.100.1.685,NA,Lasius nearcticus,577027,ITIS,NA
edi.100.1.ev_73,occ.edi.100.1.687,NA,Aphaenogaster picea,578440,ITIS,NA
edi.100.1.ev_73,occ.edi.100.1.688,NA,Camponotus pennsylvanica,154198,ITIS,NA
edi.100.1.ev_73,occ.edi.100.1.689,NA,Lasius americanus,NA,NA,NA
edi.100.1.ev_73,occ.edi.100.1.690,NA,Tapinoma sessile,154244,ITIS,NA
edi.100.1.ev_74,occ.edi.100.1.691,NA,Aphaenogaster picea,578440,ITIS,NA
edi.100.1.ev_74,occ.edi.100.1.692,NA,Camponotus pennsylvanicus,154198,ITIS,NA
edi.100.1.ev_74,occ.edi.100.1.693,NA,Aphaenogaster fulva,578383,ITIS,NA
edi.100.1.ev_74,occ.edi.100.1.696,NA,Myrmica AF-smi,NA,NA,NA
edi.100.1.ev_75,occ.edi.100.1.697,NA,Aphaenogaster fulva,578383,ITIS,NA
edi.100.1.ev_75,occ.edi.100.1.698,NA,Aphaenogaster picea,578440,ITIS,NA
edi.100.1.ev_75,occ.edi.100.1.699,NA,Camponotus pennsylvanicus,154198,ITIS,NA
edi.100.1.ev_76,occ.edi.100.1.702,NA,Aphaenogaster fulva,578383,ITIS,NA
edi.100.1.ev_76,occ.edi.100.1.703,NA,Aphaenogaster picea,578440,ITIS,NA
edi.100.1.ev_76,occ.edi.100.1.704,NA,Stenamma impar,582052,ITIS,NA
edi.100.1.ev_77,occ.edi.100.1.707,NA,Aphaenogaster picea,578440,ITIS,NA
edi.100.1.ev_78,occ.edi.100.1.709,NA,Aphaenogaster picea,578440,ITIS,NA
edi.100.1.ev_78,occ.edi.100.1.710,NA,Camponotus novaeboracensis,685607,ITIS,NA
edi.100.1.ev_78,occ.edi.100.1.711,NA,Camponotus pennsylvanicus,154198,ITIS,NA
edi.100.1.ev_78,occ.edi.100.1.713,NA,Formica subsericea,576930,ITIS,NA
edi.100.1.ev_79,occ.edi.100.1.714,NA,Aphaenogaster fulva,578383,ITIS,NA
edi.100.1.ev_79,occ.edi.100.1.715,NA,Aphaenogaster picea,578440,ITIS,NA
edi.100.1.ev_79,occ.edi.100.1.716,NA,Camponotus novaeboracensis,685607,ITIS,NA
edi.100.1.ev_79,occ.edi.100.1.717,NA,Camponotus pennsylvanicus,154198,ITIS,NA
edi.100.1.ev_79,occ.edi.100.1.718,NA,Formica neorufibarbis,576826,ITIS,NA
edi.100.1.ev_80,occ.edi.100.1.719,NA,Aphaenogaster picea,578440,ITIS,NA
edi.100.1.ev_80,occ.edi.100.1.720,NA,Camponotus pennsylvanicus,154198,ITIS,NA
edi.100.1.ev_81,occ.edi.100.1.721,NA,Aphaenogaster fulva,578383,ITIS,NA
edi.100.1.ev_81,occ.edi.100.1.722,NA,Aphaenogaster picea,578440,ITIS,NA
edi.100.1.ev_81,occ.edi.100.1.723,NA,Formica subsericea,576930,ITIS,NA
edi.100.1.ev_81,occ.edi.100.1.725,NA,Lasius americanus,NA,NA,NA
edi.100.1.ev_82,occ.edi.100.1.726,NA,Aphaenogaster picea,578440,ITIS,NA
edi.100.1.ev_82,occ.edi.100.1.727,NA,Camponotus pennsylvanicus,154198,ITIS,NA
edi.100.1.ev_82,occ.edi.100.1.729,NA,Lasius americanus,NA,NA,NA
edi.100.1.ev_82,occ.edi.100.1.730,NA,Stenamma diecki,582041,ITIS,NA
edi.100.1.ev_83,occ.edi.100.1.731,NA,Aphaenogaster picea,578440,ITIS,NA
edi.100.1.ev_83,occ.edi.100.1.732,NA,Camponotus novaeboracensis,685607,ITIS,NA
edi.100.1.ev_83,occ.edi.100.1.734,NA,Camponotus nearcticus,576193,ITIS,NA
edi.100.1.ev_83,occ.edi.100.1.736,NA,Camponotus pennsylvanicus,154198,ITIS,NA
edi.100.1.ev_83,occ.edi.100.1.737,NA,Lasius americanus,NA,NA,NA
edi.100.1.ev_84,occ.edi.100.1.738,NA,Aphaenogaster picea,578440,ITIS,NA
edi.100.1.ev_85,occ.edi.100.1.739,NA,Aphaenogaster picea,578440,ITIS,NA
edi.100.1.ev_85,occ.edi.100.1.740,NA,Camponotus pennsylvanicus,154198,ITIS,NA
edi.100.1.ev_85,occ.edi.100.1.741,NA,Formica subsericea,576930,ITIS,NA
edi.100.1.ev_85,occ.edi.100.1.742,NA,Aphaenogaster fulva,578383,ITIS,NA
edi.100.1.ev_85,occ.edi.100.1.744,NA,Camponotus novaeboracensis,685607,ITIS,NA
edi.100.1.ev_85,occ.edi.100.1.747,NA,Lasius americanus,NA,NA,NA
edi.100.1.ev_85,occ.edi.100.1.748,NA,Myrmica punctiventris,580446,ITIS,NA
edi.100.1.ev_86,occ.edi.100.1.749,NA,Aphaenogaster picea,578440,ITIS,NA
edi.100.1.ev_86,occ.edi.100.1.750,NA,Camponotus pennsylvanicus,154198,ITIS,NA
edi.100.1.ev_86,occ.edi.100.1.752,NA,Camponotus novaeboracensis,685607,ITIS,NA
edi.100.1.ev_87,occ.edi.100.1.765,NA,Aphaenogaster picea,578440,ITIS,NA
edi.100.1.ev_87,occ.edi.100.1.766,NA,Camponotus pennsylvanicus,154198,ITIS,NA
edi.100.1.ev_87,occ.edi.100.1.770,NA,Aphaenogaster fulva,578383,ITIS,NA
edi.100.1.ev_87,occ.edi.100.1.786,NA,Temnothorax longispinosus,NA,NA,NA
edi.100.1.ev_88,occ.edi.100.1.787,NA,Aphaenogaster fulva,578383,ITIS,NA
edi.100.1.ev_88,occ.edi.100.1.788,NA,Aphaenogaster picea,578440,ITIS,NA
edi.100.1.ev_88,occ.edi.100.1.790,NA,Camponotus pennsylvanicus,154198,ITIS,NA
edi.100.1.ev_89,occ.edi.100.1.807,NA,Aphaenogaster fulva,578383,ITIS,NA
edi.100.1.ev_89,occ.edi.100.1.808,NA,Aphaenogaster picea,578440,ITIS,NA
edi.100.1.ev_89,occ.edi.100.1.809,NA,Camponotus pennsylvanicus,154198,ITIS,NA
edi.100.1.ev_89,occ.edi.100.1.810,NA,Myrmica punctiventris,580446,ITIS,NA
edi.100.1.ev_89,occ.edi.100.1.811,NA,Temnothorax longispinosus,NA,NA,NA
edi.100.1.ev_89,occ.edi.100.1.814,NA,Formica neogagates,576825,ITIS,NA
edi.100.1.ev_89,occ.edi.100.1.815,NA,Formica subsericea,576930,ITIS,NA
edi.100.1.ev_89,occ.edi.100.1.818,NA,Stenamma impar,582052,ITIS,NA
edi.100.1.ev_89,occ.edi.100.1.822,NA,Lasius umbratus,577067,ITIS,NA
edi.100.1.ev_90,occ.edi.100.1.845,NA,Aphaenogaster picea,578440,ITIS,NA
edi.100.1.ev_90,occ.edi.100.1.847,NA,Myrmica punctiventris,580446,ITIS,NA
edi.100.1.ev_90,occ.edi.100.1.852,NA,Camponotus pennsylvanicus,154198,ITIS,NA
edi.100.1.ev_90,occ.edi.100.1.856,NA,Stenamma brevicorne,582036,ITIS,NA
edi.100.1.ev_91,occ.edi.100.1.862,NA,Aphaenogaster picea,578440,ITIS,NA
edi.100.1.ev_91,occ.edi.100.1.863,NA,Camponotus novaeboracensis,685607,ITIS,NA
edi.100.1.ev_91,occ.edi.100.1.864,NA,Camponotus pennsylvanicus,154198,ITIS,NA
edi.100.1.ev_91,occ.edi.100.1.866,NA,Lasius americanus,NA,NA,NA
edi.100.1.ev_91,occ.edi.100.1.867,NA,Formica subsericea,576930,ITIS,NA
edi.100.1.ev_91,occ.edi.100.1.873,NA,Aphaenogaster fulva,578383,ITIS,NA
edi.100.1.ev_92,occ.edi.100.1.879,NA,Aphaenogaster picea,578440,ITIS,NA
edi.100.1.ev_92,occ.edi.100.1.883,NA,Camponotus pennsylvanicus,154198,ITIS,NA
edi.100.1.ev_92,occ.edi.100.1.885,NA,Lasius americanus,NA,NA,NA
edi.100.1.ev_93,occ.edi.100.1.886,NA,Aphaenogaster picea,578440,ITIS,NA
edi.100.1.ev_93,occ.edi.100.1.887,NA,Formica aserva,576689,ITIS,NA
edi.100.1.ev_93,occ.edi.100.1.888,NA,Formica neogagates,576825,ITIS,NA
edi.100.1.ev_93,occ.edi.100.1.889,NA,Formica subaenescens,576921,ITIS,NA
edi.100.1.ev_93,occ.edi.100.1.890,NA,Myrmica punctiventris,580446,ITIS,NA
edi.100.1.ev_93,occ.edi.100.1.892,NA,Stenamma impar,582052,ITIS,NA
edi.100.1.ev_93,occ.edi.100.1.895,NA,Formica subsericea,576930,ITIS,NA
edi.100.1.ev_93,occ.edi.100.1.897,NA,Camponotus pennsylvanicus,154198,ITIS,NA
edi.100.1.ev_93,occ.edi.100.1.916,NA,Aphaenogaster fulva,578383,ITIS,NA
edi.100.1.ev_94,occ.edi.100.1.921,NA,Aphaenogaster picea,578440,ITIS,NA
edi.100.1.ev_94,occ.edi.100.1.922,NA,Lasius umbratus,577067,ITIS,NA
edi.100.1.ev_94,occ.edi.100.1.923,NA,Camponotus pennsylvanicus,154198,ITIS,NA
edi.100.1.ev_94,occ.edi.100.1.928,NA,Temnothorax longispinosus,NA,NA,NA
edi.100.1.ev_94,occ.edi.100.1.934,NA,Myrmica punctiventris,580446,ITIS,NA
edi.100.1.ev_95,occ.edi.100.1.935,NA,Aphaenogaster picea,578440,ITIS,NA
edi.100.1.ev_95,occ.edi.100.1.936,NA,Camponotus pennsylvanicus,154198,ITIS,NA
edi.100.1.ev_95,occ.edi.100.1.947,NA,Aphaenogaster fulva,578383,ITIS,NA
edi.100.1.ev_96,occ.edi.100.1.950,NA,Aphaenogaster picea,578440,ITIS,NA
edi.100.1.ev_97,occ.edi.100.1.957,NA,Aphaenogaster picea,578440,ITIS,NA
edi.100.1.ev_97,occ.edi.100.1.958,NA,Camponotus pennsylvanicus,154198,ITIS,NA
edi.100.1.ev_97,occ.edi.100.1.961,NA,Myrmica punctiventris,580446,ITIS,NA
edi.100.1.ev_97,occ.edi.100.1.966,NA,Stenamma impar,582052,ITIS,NA
edi.100.1.ev_97,occ.edi.100.1.970,NA,Lasius umbratus,577067,ITIS,NA
edi.100.1.ev_98,occ.edi.100.1.982,NA,Camponotus pennsylvanicus,154198,ITIS,NA
edi.100.1.ev_98,occ.edi.100.1.983,NA,Aphaenogaster picea,578440,ITIS,NA
edi.100.1.ev_98,occ.edi.100.1.984,NA,Lasius umbratus,577067,ITIS,NA
edi.100.1.ev_98,occ.edi.100.1.987,NA,Aphaenogaster fulva,578383,ITIS,NA
edi.100.1.ev_98,occ.edi.100.1.989,NA,Myrmica incompleta,580399,ITIS,NA
edi.100.1.ev_98,occ.edi.100.1.992,NA,Myrmica punctiventris,580446,ITIS,NA
edi.100.1.ev_99,occ.edi.100.1.993,NA,Aphaenogaster picea,578440,ITIS,NA
edi.100.1.ev_99,occ.edi.100.1.994,NA,Camponotus novaeboracensis,685607,ITIS,NA
edi.100.1.ev_99,occ.edi.100.1.995,NA,Formica argentea,576688,ITIS,NA
edi.100.1.ev_99,occ.edi.100.1.996,NA,Lasius umbratus,577067,ITIS,NA
edi.100.1.ev_99,occ.edi.100.1.998,NA,Formica subsericea,576930,ITIS,NA
edi.100.1.ev_99,occ.edi.100.1.1009,NA,Aphaenogaster fulva,578383,ITIS,NA
edi.100.1.ev_99,occ.edi.100.1.1010,NA,Camponotus pennsylvanicus,154198,ITIS,NA
edi.100.1.ev_99,occ.edi.100.1.1014,NA,Formica aserva,576689,ITIS,NA
edi.100.1.ev_100,occ.edi.100.1.1025,NA,Camponotus pennsylvanicus,154198,ITIS,NA
edi.100.1.ev_100,occ.edi.100.1.1026,NA,Aphaenogaster picea,578440,ITIS,NA
edi.100.1.ev_101,occ.edi.100.1.1030,NA,Aphaenogaster picea,578440,ITIS,NA
edi.100.1.ev_101,occ.edi.100.1.1031,NA,Myrmica incompleta,580399,ITIS,NA
edi.100.1.ev_101,occ.edi.100.1.1032,NA,Myrmica punctiventris,580446,ITIS,NA
edi.100.1.ev_101,occ.edi.100.1.1033,NA,Aphaenogaster fulva,578383,ITIS,NA
edi.100.1.ev_101,occ.edi.100.1.1036,NA,Camponotus pennsylvanicus,154198,ITIS,NA
edi.100.1.ev_101,occ.edi.100.1.1044,NA,Formica neogagates,576825,ITIS,NA
edi.100.1.ev_102,occ.edi.100.1.1049,NA,Aphaenogaster picea,578440,ITIS,NA
edi.100.1.ev_102,occ.edi.100.1.1050,NA,Camponotus pennsylvanicus,154198,ITIS,NA
edi.100.1.ev_102,occ.edi.100.1.1054,NA,Camponotus novaeboracensis,685607,ITIS,NA
edi.100.1.ev_102,occ.edi.100.1.1059,NA,Myrmica AF-scu,NA,NA,NA
edi.100.1.ev_102,occ.edi.100.1.1064,NA,Aphaenogaster fulva,578383,ITIS,NA
edi.100.1.ev_102,occ.edi.100.1.1077,NA,Formica dolosa,NA,NA,NA
edi.100.1.ev_103,occ.edi.100.1.1088,NA,Aphaenogaster picea,578440,ITIS,NA
edi.100.1.ev_103,occ.edi.100.1.1089,NA,Camponotus pennsylvanicus,154198,ITIS,NA
edi.100.1.ev_104,occ.edi.100.1.1120,NA,Aphaenogaster fulva,578383,ITIS,NA
edi.100.1.ev_104,occ.edi.100.1.1121,NA,Aphaenogaster picea,578440,ITIS,NA
edi.100.1.ev_104,occ.edi.100.1.1126,NA,Camponotus pennsylvanicus,154198,ITIS,NA
edi.100.1.ev_105,occ.edi.100.1.1133,NA,Lasius umbratus,577067,ITIS,NA
edi.100.1.ev_105,occ.edi.100.1.1134,NA,Aphaenogaster picea,578440,ITIS,NA
edi.100.1.ev_105,occ.edi.100.1.1137,NA,Myrmica punctiventris,580446,ITIS,NA
edi.100.1.ev_105,occ.edi.100.1.1139,NA,Camponotus pennsylvanicus,154198,ITIS,NA
edi.100.1.ev_106,occ.edi.100.1.1143,NA,Camponotus novaeboracensis,685607,ITIS,NA
edi.100.1.ev_106,occ.edi.100.1.1144,NA,Aphaenogaster picea,578440,ITIS,NA
edi.100.1.ev_106,occ.edi.100.1.1145,NA,Aphaenogaster fulva,578383,ITIS,NA
edi.100.1.ev_106,occ.edi.100.1.1147,NA,Camponotus pennsylvanicus,154198,ITIS,NA
edi.100.1.ev_107,occ.edi.100.1.1159,NA,Aphaenogaster picea,578440,ITIS,NA
edi.100.1.ev_107,occ.edi.100.1.1160,NA,Camponotus pennsylvanicus,154198,ITIS,NA
edi.100.1.ev_107,occ.edi.100.1.1161,NA,Formica aserva,576689,ITIS,NA
edi.100.1.ev_107,occ.edi.100.1.1162,NA,Tapinoma sessile,154244,ITIS,NA
edi.100.1.ev_107,occ.edi.100.1.1165,NA,Camponotus novaeboracensis,685607,ITIS,NA
edi.100.1.ev_107,occ.edi.100.1.1166,NA,Myrmica punctiventris,580446,ITIS,NA
edi.100.1.ev_107,occ.edi.100.1.1172,NA,Formica subsericea,576930,ITIS,NA
edi.100.1.ev_107,occ.edi.100.1.1175,NA,Formica neogagates,576825,ITIS,NA
edi.100.1.ev_107,occ.edi.100.1.1182,NA,Lasius americanus,NA,NA,NA
edi.100.1.ev_107,occ.edi.100.1.1193,NA,Temnothorax longispinosus,NA,NA,NA
edi.100.1.ev_107,occ.edi.100.1.1196,NA,Aphaenogaster fulva,578383,ITIS,NA
edi.100.1.ev_108,occ.edi.100.1.1205,NA,Camponotus pennsylvanicus,154198,ITIS,NA
edi.100.1.ev_108,occ.edi.100.1.1206,NA,Aphaenogaster picea,578440,ITIS,NA
edi.100.1.ev_109,occ.edi.100.1.1211,NA,Formica subintegra,576924,ITIS,NA
edi.100.1.ev_109,occ.edi.100.1.1212,NA,Formica subsericea,576930,ITIS,NA
edi.100.1.ev_109,occ.edi.100.1.1213,NA,Formica neogagates,576825,ITIS,NA
edi.100.1.ev_109,occ.edi.100.1.1214,NA,Aphaenogaster picea,578440,ITIS,NA
edi.100.1.ev_109,occ.edi.100.1.1218,NA,Camponotus novaeboracensis,685607,ITIS,NA
edi.100.1.ev_109,occ.edi.100.1.1222,NA,Camponotus pennsylvanicus,154198,ITIS,NA
edi.100.1.ev_109,occ.edi.100.1.1224,NA,Myrmica punctiventris,580446,ITIS,NA
edi.100.1.ev_110,occ.edi.100.1.1227,NA,Camponotus pennsylvanicus,154198,ITIS,NA
edi.100.1.ev_110,occ.edi.100.1.1228,NA,Aphaenogaster picea,578440,ITIS,NA
edi.100.1.ev_110,occ.edi.100.1.1235,NA,Myrmica nearctica,580436,ITIS,NA
edi.100.1.ev_110,occ.edi.100.1.1236,NA,Myrmica punctiventris,580446,ITIS,NA
edi.100.1.ev_110,occ.edi.100.1.1244,NA,Formica subsericea,576930,ITIS,NA
edi.100.1.ev_110,occ.edi.100.1.1249,NA,Formica dolosa,NA,NA,NA
edi.100.1.ev_110,occ.edi.100.1.1252,NA,Aphaenogaster fulva,578383,ITIS,NA
edi.100.1.ev_110,occ.edi.100.1.1259,NA,Camponotus novaeboracensis,685607,ITIS,NA
edi.100.1.ev_111,occ.edi.100.1.1262,NA,Aphaenogaster picea,578440,ITIS,NA
edi.100.1.ev_111,occ.edi.100.1.1263,NA,Camponotus pennsylvanicus,154198,ITIS,NA
edi.100.1.ev_112,occ.edi.100.1.1280,NA,Aphaenogaster picea,578440,ITIS,NA
edi.100.1.ev_112,occ.edi.100.1.1285,NA,Aphaenogaster fulva,578383,ITIS,NA
edi.100.1.ev_113,occ.edi.100.1.1287,NA,Aphaenogaster picea,578440,ITIS,NA
edi.100.1.ev_113,occ.edi.100.1.1288,NA,Aphaenogaster fulva,578383,ITIS,NA
edi.100.1.ev_113,occ.edi.100.1.1296,NA,Lasius umbratus,577067,ITIS,NA
edi.100.1.ev_114,occ.edi.100.1.1297,NA,Myrmica punctiventris,580446,ITIS,NA
edi.100.1.ev_114,occ.edi.100.1.1298,NA,Aphaenogaster picea,578440,ITIS,NA
edi.100.1.ev_114,occ.edi.100.1.1299,NA,Camponotus pennsylvanicus,154198,ITIS,NA
edi.100.1.ev_114,occ.edi.100.1.1306,NA,Aphaenogaster fulva,578383,ITIS,NA
edi.100.1.ev_115,occ.edi.100.1.1316,NA,Camponotus novaeboracensis,685607,ITIS,NA
edi.100.1.ev_115,occ.edi.100.1.1317,NA,Camponotus pennsylvanicus,154198,ITIS,NA
edi.100.1.ev_115,occ.edi.100.1.1319,NA,Formica neogagates,576825,ITIS,NA
edi.100.1.ev_115,occ.edi.100.1.1320,NA,Aphaenogaster picea,578440,ITIS,NA
edi.100.1.ev_115,occ.edi.100.1.1322,NA,Myrmica punctiventris,580446,ITIS,NA
edi.100.1.ev_115,occ.edi.100.1.1326,NA,Formica aserva,576689,ITIS,NA
edi.100.1.ev_115,occ.edi.100.1.1333,NA,Formica subintegra,576924,ITIS,NA
edi.100.1.ev_115,occ.edi.100.1.1334,NA,Formica subsericea,576930,ITIS,NA
edi.100.1.ev_115,occ.edi.100.1.1335,NA,Stenamma impar,582052,ITIS,NA
edi.100.1.ev_115,occ.edi.100.1.1344,NA,Formica incerta,NA,NA,NA
edi.100.1.ev_115,occ.edi.100.1.1345,NA,Lasius umbratus,577067,ITIS,NA
edi.100.1.ev_115,occ.edi.100.1.1349,NA,Tapinoma sessile,154244,ITIS,NA
edi.100.1.ev_116,occ.edi.100.1.1365,NA,Camponotus pennsylvanicus,154198,ITIS,NA
edi.100.1.ev_116,occ.edi.100.1.1366,NA,Aphaenogaster picea,578440,ITIS,NA
edi.100.1.ev_117,occ.edi.100.1.1373,NA,Camponotus pennsylvanicus,154198,ITIS,NA
edi.100.1.ev_117,occ.edi.100.1.1374,NA,Lasius umbratus,577067,ITIS,NA
edi.100.1.ev_117,occ.edi.100.1.1375,NA,Aphaenogaster picea,578440,ITIS,NA
edi.100.1.ev_117,occ.edi.100.1.1377,NA,Formica neogagates,576825,ITIS,NA
edi.100.1.ev_117,occ.edi.100.1.1378,NA,Myrmica punctiventris,580446,ITIS,NA
edi.100.1.ev_117,occ.edi.100.1.1382,NA,Formica subsericea,576930,ITIS,NA
edi.100.1.ev_117,occ.edi.100.1.1383,NA,Aphaenogaster fulva,578383,ITIS,NA
edi.100.1.ev_118,occ.edi.100.1.1393,NA,Aphaenogaster picea,578440,ITIS,NA
edi.100.1.ev_118,occ.edi.100.1.1394,NA,Camponotus pennsylvanicus,154198,ITIS,NA
edi.100.1.ev_118,occ.edi.100.1.1397,NA,Formica subsericea,576930,ITIS,NA
edi.100.1.ev_118,occ.edi.100.1.1402,NA,Tapinoma sessile,154244,ITIS,NA
edi.100.1.ev_118,occ.edi.100.1.1406,NA,Formica dolosa,NA,NA,NA
edi.100.1.ev_118,occ.edi.100.1.1408,NA,Aphaenogaster fulva,578383,ITIS,NA
edi.100.1.ev_118,occ.edi.100.1.1410,NA,Camponotus novaeboracensis,685607,ITIS,NA
edi.100.1.ev_118,occ.edi.100.1.1427,NA,Formica neogagates,576825,ITIS,NA
edi.100.1.ev_119,occ.edi.100.1.1436,NA,Aphaenogaster picea,578440,ITIS,NA
edi.100.1.ev_119,occ.edi.100.1.1438,NA,Aphaenogaster fulva,578383,ITIS,NA
edi.100.1.ev_119,occ.edi.100.1.1440,NA,Camponotus pennsylvanicus,154198,ITIS,NA
edi.100.1.ev_119,occ.edi.100.1.1455,NA,Temnothorax longispinosus,NA,NA,NA
edi.100.1.ev_119,occ.edi.100.1.1464,NA,Formica subsericea,576930,ITIS,NA
edi.100.1.ev_120,occ.edi.100.1.1468,NA,Aphaenogaster picea,578440,ITIS,NA
edi.100.1.ev_121,occ.edi.100.1.1477,NA,Lasius americanus,NA,NA,NA
edi.100.1.ev_121,occ.edi.100.1.1478,NA,Camponotus pennsylvanicus,154198,ITIS,NA
edi.100.1.ev_121,occ.edi.100.1.1479,NA,Aphaenogaster picea,578440,ITIS,NA
edi.100.1.ev_122,occ.edi.100.1.1485,NA,Aphaenogaster picea,578440,ITIS,NA
edi.100.1.ev_122,occ.edi.100.1.1486,NA,Camponotus pennsylvanicus,154198,ITIS,NA
edi.100.1.ev_122,occ.edi.100.1.1488,NA,Stenamma brevicorne,582036,ITIS,NA
edi.100.1.ev_122,occ.edi.100.1.1490,NA,Camponotus nearcticus,576193,ITIS,NA
edi.100.1.ev_122,occ.edi.100.1.1506,NA,Stenamma diecki,582041,ITIS,NA
edi.100.1.ev_122,occ.edi.100.1.1508,NA,Myrmica punctiventris,580446,ITIS,NA
edi.100.1.ev_122,occ.edi.100.1.1511,NA,Formica subaenescens,576921,ITIS,NA
edi.100.1.ev_123,occ.edi.100.1.1513,NA,Camponotus pennsylvanicus,154198,ITIS,NA
edi.100.1.ev_123,occ.edi.100.1.1514,NA,Formica subsericea,576930,ITIS,NA
edi.100.1.ev_123,occ.edi.100.1.1515,NA,Lasius americanus,NA,NA,NA
edi.100.1.ev_123,occ.edi.100.1.1516,NA,Formica subaenescens,576921,ITIS,NA
edi.100.1.ev_123,occ.edi.100.1.1518,NA,Myrmica punctiventris,580446,ITIS,NA
edi.100.1.ev_123,occ.edi.100.1.1519,NA,Aphaenogaster picea,578440,ITIS,NA
edi.100.1.ev_123,occ.edi.100.1.1521,NA,Tapinoma sessile,154244,ITIS,NA
edi.100.1.ev_123,occ.edi.100.1.1522,NA,Camponotus novaeboracensis,685607,ITIS,NA
edi.100.1.ev_123,occ.edi.100.1.1544,NA,Myrmica AF-scu,NA,NA,NA
edi.100.1.ev_123,occ.edi.100.1.1546,NA,Formica dolosa,NA,NA,NA
edi.100.1.ev_123,occ.edi.100.1.1564,NA,Formica neogagates,576825,ITIS,NA
edi.100.1.ev_124,occ.edi.100.1.1586,NA,Aphaenogaster picea,578440,ITIS,NA
edi.100.1.ev_124,occ.edi.100.1.1588,NA,Camponotus pennsylvanicus,154198,ITIS,NA
edi.100.1.ev_125,occ.edi.100.1.1595,NA,Camponotus pennsylvanicus,154198,ITIS,NA
edi.100.1.ev_125,occ.edi.100.1.1596,NA,Formica subsericea,576930,ITIS,NA
edi.100.1.ev_125,occ.edi.100.1.1597,NA,Aphaenogaster picea,578440,ITIS,NA
edi.100.1.ev_125,occ.edi.100.1.1599,NA,Formica pergandei,576860,ITIS,NA
edi.100.1.ev_125,occ.edi.100.1.1601,NA,Myrmica punctiventris,580446,ITIS,NA
edi.100.1.ev_125,occ.edi.100.1.1602,NA,Temnothorax longispinosus,NA,NA,NA
edi.100.1.ev_125,occ.edi.100.1.1610,NA,Formica neogagates,576825,ITIS,NA
edi.100.1.ev_125,occ.edi.100.1.1621,NA,Formica lasioides,576787,ITIS,NA
edi.100.1.ev_126,occ.edi.100.1.1633,NA,Aphaenogaster picea,578440,ITIS,NA
edi.100.1.ev_126,occ.edi.100.1.1634,NA,Formica subsericea,576930,ITIS,NA
edi.100.1.ev_126,occ.edi.100.1.1637,NA,Camponotus pennsylvanicus,154198,ITIS,NA
edi.100.1.ev_126,occ.edi.100.1.1639,NA,Aphaenogaster fulva,578383,ITIS,NA
edi.100.1.ev_126,occ.edi.100.1.1654,NA,Camponotus novaeboracensis,685607,ITIS,NA
edi.100.1.ev_126,occ.edi.100.1.1656,NA,Crematogaster lineolata,579090,ITIS,NA
edi.100.1.ev_126,occ.edi.100.1.1658,NA,Lasius americanus,NA,NA,NA
edi.100.1.ev_126,occ.edi.100.1.1659,NA,Myrmica AF-smi,NA,NA,NA
edi.100.1.ev_126,occ.edi.100.1.1670,NA,Temnothorax longispinosus,NA,NA,NA
edi.100.1.ev_126,occ.edi.100.1.1672,NA,Formica incerta,NA,NA,NA
edi.100.1.ev_126,occ.edi.100.1.1674,NA,Myrmica AF-scu,NA,NA,NA
edi.100.1.ev_126,occ.edi.100.1.1684,NA,Myrmica punctiventris,580446,ITIS,NA
edi.100.1.ev_126,occ.edi.100.1.1690,NA,Tapinoma sessile,154244,ITIS,NA
edi.100.1.ev_126,occ.edi.100.1.1711,NA,Formica neogagates,576825,ITIS,NA
edi.100.1.ev_126,occ.edi.100.1.1718,NA,Formica subintegra,576924,ITIS,NA
edi.100.1.ev_127,occ.edi.100.1.1773,NA,Aphaenogaster picea,578440,ITIS,NA
edi.100.1.ev_127,occ.edi.100.1.1776,NA,Camponotus pennsylvanicus,154198,ITIS,NA
edi.100.1.ev_127,occ.edi.100.1.1777,NA,Lasius americanus,NA,NA,NA
edi.100.1.ev_127,occ.edi.100.1.1778,NA,Temnothorax longispinosus,NA,NA,NA
edi.100.1.ev_127,occ.edi.100.1.1779,NA,Myrmica punctiventris,580446,ITIS,NA
edi.100.1.ev_127,occ.edi.100.1.1784,NA,Formica subsericea,576930,ITIS,NA
edi.100.1.ev_127,occ.edi.100.1.1790,NA,Aphaenogaster fulva,578383,ITIS,NA
edi.100.1.ev_127,occ.edi.100.1.1799,NA,Formica aserva,576689,ITIS,NA
edi.100.1.ev_127,occ.edi.100.1.1821,NA,Leptothorax canadensis,NA,NA,NA
edi.100.1.ev_128,occ.edi.100.1.1835,NA,Aphaenogaster picea,578440,ITIS,NA
edi.100.1.ev_128,occ.edi.100.1.1844,NA,Camponotus pennsylvanicus,154198,ITIS,NA
edi.100.1.ev_129,occ.edi.100.1.1849,NA,Aphaenogaster picea,578440,ITIS,NA
edi.100.1.ev_129,occ.edi.100.1.1850,NA,Camponotus pennsylvanicus,154198,ITIS,NA
edi.100.1.ev_129,occ.edi.100.1.1851,NA,Myrmica punctiventris,580446,ITIS,NA
edi.100.1.ev_129,occ.edi.100.1.1854,NA,Aphaenogaster fulva,578383,ITIS,NA
edi.100.1.ev_129,occ.edi.100.1.1857,NA,Stenamma impar,582052,ITIS,NA
edi.100.1.ev_129,occ.edi.100.1.1864,NA,Temnothorax longispinosus,NA,NA,NA
edi.100.1.ev_130,occ.edi.100.1.1873,NA,Myrmica punctiventris,580446,ITIS,NA
edi.100.1.ev_130,occ.edi.100.1.1874,NA,Myrmica pinetorum,580444,ITIS,NA
edi.100.1.ev_130,occ.edi.100.1.1876,NA,Lasius americanus,NA,NA,NA
edi.100.1.ev_130,occ.edi.100.1.1877,NA,Myrmica incompleta,580399,ITIS,NA
edi.100.1.ev_130,occ.edi.100.1.1878,NA,Aphaenogaster fulva,578383,ITIS,NA
edi.100.1.ev_130,occ.edi.100.1.1885,NA,Aphaenogaster picea,578440,ITIS,NA
edi.100.1.ev_131,occ.edi.100.1.1889,NA,Aphaenogaster picea,578440,ITIS,NA
edi.100.1.ev_131,occ.edi.100.1.1890,NA,Formica subsericea,576930,ITIS,NA
edi.100.1.ev_131,occ.edi.100.1.1891,NA,Aphaenogaster fulva,578383,ITIS,NA
edi.100.1.ev_131,occ.edi.100.1.1893,NA,Camponotus pennsylvanicus,154198,ITIS,NA
edi.100.1.ev_131,occ.edi.100.1.1894,NA,Formica aserva,576689,ITIS,NA
edi.100.1.ev_131,occ.edi.100.1.1895,NA,Tapinoma sessile,154244,ITIS,NA
edi.100.1.ev_131,occ.edi.100.1.1897,NA,Camponotus novaeboracensis,685607,ITIS,NA
edi.100.1.ev_131,occ.edi.100.1.1902,NA,Leptothorax canadensis,NA,NA,NA
edi.100.1.ev_131,occ.edi.100.1.1910,NA,Myrmica punctiventris,580446,ITIS,NA
edi.100.1.ev_131,occ.edi.100.1.1930,NA,Myrmica AF-scu,NA,NA,NA
edi.100.1.ev_131,occ.edi.100.1.1934,NA,Lasius americanus,NA,NA,NA
edi.100.1.ev_131,occ.edi.100.1.1935,NA,Myrmica AF-smi,NA,NA,NA
edi.100.1.ev_131,occ.edi.100.1.1937,NA,Myrmica detritinodis,NA,NA,NA
edi.100.1.ev_131,occ.edi.100.1.1948,NA,Stenamma impar,582052,ITIS,NA
edi.100.1.ev_131,occ.edi.100.1.1963,NA,Stenamma brevicorne,582036,ITIS,NA
edi.100.1.ev_131,occ.edi.100.1.1965,NA,Myrmecina americana,580323,ITIS,NA
edi.100.1.ev_131,occ.edi.100.1.1967,NA,Formica neogagates,576825,ITIS,NA
edi.100.1.ev_132,occ.edi.100.1.1974,NA,Aphaenogaster picea,578440,ITIS,NA
edi.100.1.ev_132,occ.edi.100.1.1975,NA,Aphaenogaster fulva,578383,ITIS,NA
edi.100.1.ev_132,occ.edi.100.1.1978,NA,Lasius umbratus,577067,ITIS,NA
edi.100.1.ev_132,occ.edi.100.1.1983,NA,Camponotus pennsylvanicus,154198,ITIS,NA
edi.100.1.ev_133,occ.edi.100.1.1996,NA,Formica pergandei,576860,ITIS,NA
edi.100.1.ev_133,occ.edi.100.1.1997,NA,Myrmica punctiventris,580446,ITIS,NA
edi.100.1.ev_133,occ.edi.100.1.1998,NA,Lasius umbratus,577067,ITIS,NA
edi.100.1.ev_133,occ.edi.100.1.1999,NA,Aphaenogaster picea,578440,ITIS,NA
edi.100.1.ev_133,occ.edi.100.1.2001,NA,Camponotus nearcticus,576193,ITIS,NA
edi.100.1.ev_133,occ.edi.100.1.2002,NA,Formica subsericea,576930,ITIS,NA
edi.100.1.ev_133,occ.edi.100.1.2003,NA,Camponotus pennsylvanicus,154198,ITIS,NA
edi.100.1.ev_133,occ.edi.100.1.2008,NA,Aphaenogaster fulva,578383,ITIS,NA
edi.100.1.ev_134,occ.edi.100.1.2012,NA,Camponotus pennsylvanicus,154198,ITIS,NA
edi.100.1.ev_134,occ.edi.100.1.2013,NA,Aphaenogaster picea,578440,ITIS,NA
edi.100.1.ev_134,occ.edi.100.1.2015,NA,Formica incerta,NA,NA,NA
edi.100.1.ev_134,occ.edi.100.1.2016,NA,Formica subsericea,576930,ITIS,NA
edi.100.1.ev_134,occ.edi.100.1.2024,NA,Lasius umbratus,577067,ITIS,NA
edi.100.1.ev_134,occ.edi.100.1.2034,NA,Camponotus novaeboracensis,685607,ITIS,NA
edi.100.1.ev_134,occ.edi.100.1.2047,NA,Lasius americanus,NA,NA,NA
edi.100.1.ev_134,occ.edi.100.1.2054,NA,Stenamma impar,582052,ITIS,NA
edi.100.1.ev_135,occ.edi.100.1.2064,NA,Aphaenogaster picea,578440,ITIS,NA
edi.100.1.ev_135,occ.edi.100.1.2065,NA,Camponotus pennsylvanicus,154198,ITIS,NA
edi.100.1.ev_135,occ.edi.100.1.2068,NA,Formica aserva,576689,ITIS,NA
edi.100.1.ev_135,occ.edi.100.1.2073,NA,Lasius americanus,NA,NA,NA
edi.100.1.ev_135,occ.edi.100.1.2082,NA,Aphaenogaster fulva,578383,ITIS,NA
edi.100.1.ev_135,occ.edi.100.1.2092,NA,Formica subsericea,576930,ITIS,NA
edi.100.1.ev_136,occ.edi.100.1.2109,NA,Aphaenogaster picea,578440,ITIS,NA
edi.100.1.ev_136,occ.edi.100.1.2111,NA,Aphaenogaster fulva,578383,ITIS,NA
edi.100.1.ev_137,occ.edi.100.1.2123,NA,Lasius americanus,NA,NA,NA
edi.100.1.ev_137,occ.edi.100.1.2124,NA,Aphaenogaster picea,578440,ITIS,NA
edi.100.1.ev_137,occ.edi.100.1.2125,NA,Camponotus pennsylvanicus,154198,ITIS,NA
edi.100.1.ev_137,occ.edi.100.1.2127,NA,Lasius umbratus,577067,ITIS,NA
edi.100.1.ev_137,occ.edi.100.1.2134,NA,Stenamma impar,582052,ITIS,NA
edi.100.1.ev_137,occ.edi.100.1.2137,NA,Formica subsericea,576930,ITIS,NA
edi.100.1.ev_138,occ.edi.100.1.2138,NA,Aphaenogaster picea,578440,ITIS,NA
edi.100.1.ev_138,occ.edi.100.1.2139,NA,Camponotus novaeboracensis,685607,ITIS,NA
edi.100.1.ev_138,occ.edi.100.1.2140,NA,Myrmica punctiventris,580446,ITIS,NA
edi.100.1.ev_138,occ.edi.100.1.2142,NA,Lasius americanus,NA,NA,NA
edi.100.1.ev_138,occ.edi.100.1.2145,NA,Aphaenogaster fulva,578383,ITIS,NA
edi.100.1.ev_139,occ.edi.100.1.2156,NA,Aphaenogaster picea,578440,ITIS,NA
edi.100.1.ev_139,occ.edi.100.1.2157,NA,Camponotus pennsylvanicus,154198,ITIS,NA
edi.100.1.ev_139,occ.edi.100.1.2163,NA,Lasius interjectus,NA,NA,NA
edi.100.1.ev_139,occ.edi.100.1.2165,NA,Myrmica punctiventris,580446,ITIS,NA
edi.100.1.ev_139,occ.edi.100.1.2169,NA,Lasius americanus,NA,NA,NA
edi.100.1.ev_139,occ.edi.100.1.2171,NA,Formica neogagates,576825,ITIS,NA
edi.100.1.ev_139,occ.edi.100.1.2176,NA,Formica subsericea,576930,ITIS,NA
edi.100.1.ev_139,occ.edi.100.1.2179,NA,Camponotus novaeboracensis,685607,ITIS,NA
edi.100.1.ev_139,occ.edi.100.1.2186,NA,Myrmica nearctica,580436,ITIS,NA
edi.100.1.ev_139,occ.edi.100.1.2188,NA,Myrmica AF-scu,NA,NA,NA
edi.100.1.ev_139,occ.edi.100.1.2189,NA,Stenamma impar,582052,ITIS,NA
edi.100.1.ev_139,occ.edi.100.1.2194,NA,Formica subaenescens,576921,ITIS,NA
edi.100.1.ev_140,occ.edi.100.1.2201,NA,Lasius americanus,NA,NA,NA
edi.100.1.ev_140,occ.edi.100.1.2202,NA,Aphaenogaster picea,578440,ITIS,NA
edi.100.1.ev_140,occ.edi.100.1.2206,NA,Camponotus pennsylvanicus,154198,ITIS,NA
edi.100.1.ev_140,occ.edi.100.1.2207,NA,Aphaenogaster fulva,578383,ITIS,NA
edi.100.1.ev_141,occ.edi.100.1.2214,NA,Aphaenogaster picea,578440,ITIS,NA
edi.100.1.ev_141,occ.edi.100.1.2216,NA,Camponotus pennsylvanicus,154198,ITIS,NA
edi.100.1.ev_141,occ.edi.100.1.2218,NA,Camponotus chromaiodes,575766,ITIS,NA
edi.100.1.ev_141,occ.edi.100.1.2219,NA,Lasius americanus,NA,NA,NA
edi.100.1.ev_141,occ.edi.100.1.2220,NA,Lasius umbratus,577067,ITIS,NA
edi.100.1.ev_141,occ.edi.100.1.2221,NA,Aphaenogaster fulva,578383,ITIS,NA
edi.100.1.ev_141,occ.edi.100.1.2223,NA,Formica subsericea,576930,ITIS,NA
edi.100.1.ev_141,occ.edi.100.1.2225,NA,Camponotus novaeboracensis,685607,ITIS,NA
edi.100.1.ev_141,occ.edi.100.1.2227,NA,Myrmica punctiventris,580446,ITIS,NA
edi.100.1.ev_141,occ.edi.100.1.2229,NA,Formica pergandei,576860,ITIS,NA
edi.100.1.ev_142,occ.edi.100.1.2240,NA,Aphaenogaster fulva,578383,ITIS,NA
edi.100.1.ev_142,occ.edi.100.1.2242,NA,Aphaenogaster picea,578440,ITIS,NA
edi.100.1.ev_142,occ.edi.100.1.2244,NA,Camponotus pennsylvanicus,154198,ITIS,NA
edi.100.1.ev_142,occ.edi.100.1.2249,NA,Temnothorax ambiguus,NA,NA,NA
edi.100.1.ev_142,occ.edi.100.1.2251,NA,Formica subsericea,576930,ITIS,NA
edi.100.1.ev_142,occ.edi.100.1.2252,NA,Temnothorax longispinosus,NA,NA,NA
edi.100.1.ev_142,occ.edi.100.1.2256,NA,Lasius subglaber,NA,NA,NA
edi.100.1.ev_142,occ.edi.100.1.2260,NA,Myrmica punctiventris,580446,ITIS,NA
edi.100.1.ev_142,occ.edi.100.1.2261,NA,Myrmica detritinodis,NA,NA,NA
edi.100.1.ev_142,occ.edi.100.1.2264,NA,Crematogaster lineolata,579090,ITIS,NA
edi.100.1.ev_142,occ.edi.100.1.2267,NA,Formica rubicunda,576895,ITIS,NA
edi.100.1.ev_142,occ.edi.100.1.2268,NA,Lasius americanus,NA,NA,NA
edi.100.1.ev_142,occ.edi.100.1.2269,NA,Lasius brevicornis,NA,NA,NA
edi.100.1.ev_142,occ.edi.100.1.2280,NA,Camponotus novaeboracensis,685607,ITIS,NA
edi.100.1.ev_142,occ.edi.100.1.2284,NA,Myrmecina americana,580323,ITIS,NA
edi.100.1.ev_142,occ.edi.100.1.2290,NA,Lasius umbratus,577067,ITIS,NA
edi.100.1.ev_142,occ.edi.100.1.2295,NA,Formica subaenescens,576921,ITIS,NA
edi.100.1.ev_143,occ.edi.100.1.2312,NA,Aphaenogaster fulva,578383,ITIS,NA
edi.100.1.ev_143,occ.edi.100.1.2313,NA,Aphaenogaster picea,578440,ITIS,NA
edi.100.1.ev_143,occ.edi.100.1.2314,NA,Formica aserva,576689,ITIS,NA
edi.100.1.ev_143,occ.edi.100.1.2324,NA,Myrmica detritinodis,NA,NA,NA
edi.100.1.ev_143,occ.edi.100.1.2328,NA,Camponotus pennsylvanicus,154198,ITIS,NA
edi.100.1.ev_143,occ.edi.100.1.2347,NA,Formica subsericea,576930,ITIS,NA
edi.100.1.ev_143,occ.edi.100.1.2348,NA,Lasius umbratus,577067,ITIS,NA
edi.100.1.ev_143,occ.edi.100.1.2360,NA,Temnothorax longispinosus,NA,NA,NA
edi.100.1.ev_143,occ.edi.100.1.2370,NA,Camponotus nearcticus,576193,ITIS,NA
edi.100.1.ev_143,occ.edi.100.1.2388,NA,Myrmecina americana,580323,ITIS,NA
edi.100.1.ev_144,occ.edi.100.1.2393,NA,Aphaenogaster picea,578440,ITIS,NA
edi.100.1.ev_144,occ.edi.100.1.2394,NA,Aphaenogaster fulva,578383,ITIS,NA
edi.100.1.ev_145,occ.edi.100.1.2426,NA,Camponotus pennsylvanicus,154198,ITIS,NA
edi.100.1.ev_145,occ.edi.100.1.2427,NA,Lasius umbratus,577067,ITIS,NA
edi.100.1.ev_145,occ.edi.100.1.2428,NA,Aphaenogaster picea,578440,ITIS,NA
edi.100.1.ev_145,occ.edi.100.1.2429,NA,Formica subsericea,576930,ITIS,NA
edi.100.1.ev_145,occ.edi.100.1.2431,NA,Aphaenogaster fulva,578383,ITIS,NA
edi.100.1.ev_146,occ.edi.100.1.2462,NA,Aphaenogaster fulva,578383,ITIS,NA
edi.100.1.ev_146,occ.edi.100.1.2463,NA,Aphaenogaster picea,578440,ITIS,NA
edi.100.1.ev_146,occ.edi.100.1.2464,NA,Camponotus herculeanus,575995,ITIS,NA
edi.100.1.ev_146,occ.edi.100.1.2466,NA,Stenamma impar,582052,ITIS,NA
edi.100.1.ev_146,occ.edi.100.1.2475,NA,Camponotus pennsylvanicus,154198,ITIS,NA
edi.100.1.ev_146,occ.edi.100.1.2486,NA,Myrmica punctiventris,580446,ITIS,NA
edi.100.1.ev_146,occ.edi.100.1.2488,NA,Formica subsericea,576930,ITIS,NA
edi.100.1.ev_147,occ.edi.100.1.2495,NA,Aphaenogaster picea,578440,ITIS,NA
edi.100.1.ev_147,occ.edi.100.1.2497,NA,Formica subsericea,576930,ITIS,NA
edi.100.1.ev_147,occ.edi.100.1.2499,NA,Aphaenogaster fulva,578383,ITIS,NA
edi.100.1.ev_147,occ.edi.100.1.2500,NA,Camponotus nearcticus,576193,ITIS,NA
edi.100.1.ev_147,occ.edi.100.1.2502,NA,Formica subintegra,576924,ITIS,NA
edi.100.1.ev_147,occ.edi.100.1.2506,NA,Camponotus pennsylvanicus,154198,ITIS,NA
edi.100.1.ev_147,occ.edi.100.1.2511,NA,Lasius americanus,NA,NA,NA
edi.100.1.ev_147,occ.edi.100.1.2513,NA,Lasius umbratus,577067,ITIS,NA
edi.100.1.ev_147,occ.edi.100.1.2516,NA,Myrmica punctiventris,580446,ITIS,NA
edi.100.1.ev_147,occ.edi.100.1.2518,NA,Formica aserva,576689,ITIS,NA
edi.100.1.ev_147,occ.edi.100.1.2519,NA,Myrmica AF-scu,NA,NA,NA
edi.100.1.ev_147,occ.edi.100.1.2548,NA,Formica neogagates,576825,ITIS,NA
edi.100.1.ev_147,occ.edi.100.1.2549,NA,Formica pallidefulva,576855,ITIS,NA
edi.100.1.ev_147,occ.edi.100.1.2550,NA,Myrmica detritinodis,NA,NA,NA
edi.100.1.ev_147,occ.edi.100.1.2565,NA,Camponotus novaeboracensis,685607,ITIS,NA
edi.100.1.ev_147,occ.edi.100.1.2573,NA,Formica subaenescens,576921,ITIS,NA
edi.100.1.ev_148,occ.edi.100.1.2576,NA,Aphaenogaster picea,578440,ITIS,NA
edi.100.1.ev_148,occ.edi.100.1.2585,NA,Camponotus pennsylvanicus,154198,ITIS,NA
edi.100.1.ev_148,occ.edi.100.1.2597,NA,Aphaenogaster fulva,578383,ITIS,NA
edi.100.1.ev_149,occ.edi.100.1.2607,NA,Aphaenogaster picea,578440,ITIS,NA
edi.100.1.ev_149,occ.edi.100.1.2608,NA,Myrmica punctiventris,580446,ITIS,NA
edi.100.1.ev_149,occ.edi.100.1.2609,NA,Aphaenogaster fulva,578383,ITIS,NA
edi.100.1.ev_149,occ.edi.100.1.2611,NA,Formica subsericea,576930,ITIS,NA
edi.100.1.ev_149,occ.edi.100.1.2621,NA,Lasius americanus,NA,NA,NA
edi.100.1.ev_149,occ.edi.100.1.2622,NA,Camponotus pennsylvanicus,154198,ITIS,NA
edi.100.1.ev_149,occ.edi.100.1.2626,NA,Formica subaenescens,576921,ITIS,NA
edi.100.1.ev_150,occ.edi.100.1.2638,NA,Aphaenogaster picea,578440,ITIS,NA
edi.100.1.ev_150,occ.edi.100.1.2639,NA,Formica subsericea,576930,ITIS,NA
edi.100.1.ev_150,occ.edi.100.1.2640,NA,Aphaenogaster fulva,578383,ITIS,NA
edi.100.1.ev_150,occ.edi.100.1.2647,NA,Camponotus novaeboracensis,685607,ITIS,NA
edi.100.1.ev_150,occ.edi.100.1.2650,NA,Lasius brevicornis,NA,NA,NA
edi.100.1.ev_150,occ.edi.100.1.2657,NA,Lasius aphidicolus,NA,NA,NA
edi.100.1.ev_151,occ.edi.100.1.2662,NA,Aphaenogaster fulva,578383,ITIS,NA
edi.100.1.ev_151,occ.edi.100.1.2663,NA,Formica aserva,576689,ITIS,NA
edi.100.1.ev_151,occ.edi.100.1.2667,NA,Stenamma impar,582052,ITIS,NA
edi.100.1.ev_151,occ.edi.100.1.2668,NA,Aphaenogaster picea,578440,ITIS,NA
edi.100.1.ev_151,occ.edi.100.1.2674,NA,Camponotus pennsylvanicus,154198,ITIS,NA
edi.100.1.ev_151,occ.edi.100.1.2694,NA,Myrmica punctiventris,580446,ITIS,NA
edi.100.1.ev_151,occ.edi.100.1.2705,NA,Ponera pennsylvanica,583962,ITIS,NA
edi.100.1.ev_151,occ.edi.100.1.2712,NA,Formica subintegra,576924,ITIS,NA
edi.100.1.ev_151,occ.edi.100.1.2715,NA,Temnothorax longispinosus,NA,NA,NA
edi.100.1.ev_152,occ.edi.100.1.2716,NA,Aphaenogaster picea,578440,ITIS,NA
edi.100.1.ev_152,occ.edi.100.1.2718,NA,Aphaenogaster fulva,578383,ITIS,NA
edi.100.1.ev_152,occ.edi.100.1.2726,NA,Stenamma impar,582052,ITIS,NA
edi.100.1.ev_153,occ.edi.100.1.2750,NA,Lasius aphidicolus,NA,NA,NA
edi.100.1.ev_153,occ.edi.100.1.2751,NA,Aphaenogaster fulva,578383,ITIS,NA
edi.100.1.ev_153,occ.edi.100.1.2753,NA,Aphaenogaster picea,578440,ITIS,NA
edi.100.1.ev_153,occ.edi.100.1.2755,NA,Formica subsericea,576930,ITIS,NA
edi.100.1.ev_153,occ.edi.100.1.2757,NA,Stenamma schmitti,582067,ITIS,NA
edi.100.1.ev_153,occ.edi.100.1.2758,NA,Camponotus pennsylvanicus,154198,ITIS,NA
edi.100.1.ev_153,occ.edi.100.1.2759,NA,Myrmica punctiventris,580446,ITIS,NA
edi.100.1.ev_154,occ.edi.100.1.2769,NA,Aphaenogaster picea,578440,ITIS,NA
edi.100.1.ev_154,occ.edi.100.1.2770,NA,Aphaenogaster fulva,578383,ITIS,NA
edi.100.1.ev_154,occ.edi.100.1.2773,NA,Camponotus novaeboracensis,685607,ITIS,NA
edi.100.1.ev_154,occ.edi.100.1.2779,NA,Myrmecina americana,580323,ITIS,NA
edi.100.1.ev_154,occ.edi.100.1.2786,NA,Myrmica punctiventris,580446,ITIS,NA
edi.100.1.ev_154,occ.edi.100.1.2789,NA,Camponotus pennsylvanicus,154198,ITIS,NA
edi.100.1.ev_154,occ.edi.100.1.2795,NA,Formica neogagates,576825,ITIS,NA
edi.100.1.ev_154,occ.edi.100.1.2807,NA,Camponotus chromaiodes,575766,ITIS,NA
edi.100.1.ev_154,occ.edi.100.1.2815,NA,Lasius americanus,NA,NA,NA
edi.100.1.ev_155,occ.edi.100.1.2816,NA,Aphaenogaster picea,578440,ITIS,NA
edi.100.1.ev_155,occ.edi.100.1.2817,NA,Aphaenogaster fulva,578383,ITIS,NA
edi.100.1.ev_155,occ.edi.100.1.2818,NA,Lasius aphidicolus,NA,NA,NA
edi.100.1.ev_155,occ.edi.100.1.2820,NA,Formica neogagates,576825,ITIS,NA
edi.100.1.ev_155,occ.edi.100.1.2822,NA,Ponera pennsylvanica,583962,ITIS,NA
edi.100.1.ev_155,occ.edi.100.1.2833,NA,Lasius americanus,NA,NA,NA
edi.100.1.ev_155,occ.edi.100.1.2840,NA,Camponotus pennsylvanicus,154198,ITIS,NA
edi.100.1.ev_155,occ.edi.100.1.2848,NA,Myrmica AF-scu,NA,NA,NA
edi.100.1.ev_155,occ.edi.100.1.2850,NA,Formica aserva,576689,ITIS,NA
edi.100.1.ev_155,occ.edi.100.1.2858,NA,Tapinoma sessile,154244,ITIS,NA
edi.100.1.ev_155,occ.edi.100.1.2861,NA,Formica integra,576779,ITIS,NA
edi.100.1.ev_155,occ.edi.100.1.2867,NA,Formica incerta,NA,NA,NA
edi.100.1.ev_155,occ.edi.100.1.2868,NA,Myrmecina americana,580323,ITIS,NA
edi.100.1.ev_155,occ.edi.100.1.2869,NA,Stenamma impar,582052,ITIS,NA
edi.100.1.ev_155,occ.edi.100.1.2877,NA,Myrmica punctiventris,580446,ITIS,NA
edi.100.1.ev_155,occ.edi.100.1.2882,NA,Formica pallidefulva,576855,ITIS,NA
edi.100.1.ev_156,occ.edi.100.1.2890,NA,Aphaenogaster fulva,578383,ITIS,NA
edi.100.1.ev_156,occ.edi.100.1.2899,NA,Aphaenogaster picea,578440,ITIS,NA
edi.100.1.ev_157,occ.edi.100.1.2901,NA,Aphaenogaster fulva,578383,ITIS,NA
edi.100.1.ev_157,occ.edi.100.1.2903,NA,Myrmica punctiventris,580446,ITIS,NA
edi.100.1.ev_157,occ.edi.100.1.2905,NA,Aphaenogaster picea,578440,ITIS,NA
edi.100.1.ev_157,occ.edi.100.1.2909,NA,Formica lasioides,576787,ITIS,NA
edi.100.1.ev_157,occ.edi.100.1.2912,NA,Camponotus pennsylvanicus,154198,ITIS,NA
edi.100.1.ev_157,occ.edi.100.1.2928,NA,Lasius aphidicolus,NA,NA,NA
edi.100.1.ev_157,occ.edi.100.1.2930,NA,Stenamma impar,582052,ITIS,NA
